Trial,Cores,Implementation,Nanos/Op,Total,Rlen
0,1,plain add,2.3,4362000,1.0
1,1,plain add,2.3,4363000,1.0
2,1,plain add,2.3,4362000,1.0
3,1,plain add,2.3,4363000,1.0
4,1,plain add,2.3,4338000,1.0
5,1,plain add,2.3,4348000,1.0
6,1,plain add,2.3,4352000,1.0
7,1,plain add,2.3,4357000,1.0
8,1,plain add,2.3,4351000,1.0
9,1,plain add,2.3,4363000,1.0
10,1,plain add,2.3,4362000,1.0
11,1,plain add,2.3,4359000,1.0
12,1,plain add,2.3,4362000,1.0
13,1,plain add,2.3,4363000,1.0
14,1,plain add,2.3,4362000,1.0
0,2,plain add,2.4,8270000,1.0
1,2,plain add,2.4,8277000,1.0
2,2,plain add,2.4,8281000,1.0
3,2,plain add,2.4,8280000,1.0
4,2,plain add,2.4,8281000,1.0
5,2,plain add,2.4,8273000,1.0
6,2,plain add,2.4,8273000,1.0
7,2,plain add,2.4,8269000,1.0
8,2,plain add,2.4,8267000,1.0
9,2,plain add,2.4,8272000,1.0
10,2,plain add,2.4,8266000,1.0
11,2,plain add,2.4,8277000,1.0
12,2,plain add,2.4,8274000,1.0
13,2,plain add,2.4,8279000,1.0
14,2,plain add,2.4,8277000,1.0
0,3,plain add,2.4,12593000,1.0
1,3,plain add,2.4,12583000,1.0
2,3,plain add,2.4,12604000,1.0
3,3,plain add,2.4,12619000,1.0
4,3,plain add,2.4,12627000,1.0
5,3,plain add,2.4,12613000,1.0
6,3,plain add,2.4,12620000,1.0
7,3,plain add,2.4,12616000,1.0
8,3,plain add,2.4,12622000,1.0
9,3,plain add,2.4,12620000,1.0
10,3,plain add,2.4,12616000,1.0
11,3,plain add,2.4,12611000,1.0
12,3,plain add,2.4,12623000,1.0
13,3,plain add,2.4,12612000,1.0
14,3,plain add,2.4,12616000,1.0
0,4,plain add,2.4,16734000,1.0
1,4,plain add,2.4,16734000,1.0
2,4,plain add,2.4,16733000,1.0
3,4,plain add,2.4,16720000,1.0
4,4,plain add,2.4,16733000,1.0
5,4,plain add,2.4,16744000,1.0
6,4,plain add,2.4,16708000,1.0
7,4,plain add,2.4,16703000,1.0
8,4,plain add,2.4,16733000,1.0
9,4,plain add,2.4,16700000,1.0
10,4,plain add,2.4,16723000,1.0
11,4,plain add,2.4,16694000,1.0
12,4,plain add,2.4,16704000,1.0
13,4,plain add,2.4,16698000,1.0
14,4,plain add,2.4,16701000,1.0
0,1,tls add,1.3,7786000,1.0
1,1,tls add,1.2,8035000,1.0
2,1,tls add,1.2,8082000,1.0
3,1,tls add,1.2,8080000,1.0
4,1,tls add,1.2,8079000,1.0
5,1,tls add,1.2,8084000,1.0
6,1,tls add,1.3,7992000,1.0
7,1,tls add,1.4,7337000,1.0
8,1,tls add,1.3,7684000,1.0
9,1,tls add,1.2,8068000,1.0
10,1,tls add,1.2,8083000,1.0
11,1,tls add,1.2,8081000,1.0
12,1,tls add,1.2,8079000,1.0
13,1,tls add,1.2,8084000,1.0
14,1,tls add,1.2,8083000,1.0
0,2,tls add,1.2,16074000,1.0
1,2,tls add,1.2,16145000,1.0
2,2,tls add,1.3,15902000,1.0
3,2,tls add,1.2,16074000,1.0
4,2,tls add,1.3,15871000,1.0
5,2,tls add,1.2,16127000,1.0
6,2,tls add,1.2,16115000,1.0
7,2,tls add,1.2,16107000,1.0
8,2,tls add,1.2,16164000,1.0
9,2,tls add,1.2,16157000,1.0
10,2,tls add,1.2,16155000,1.0
11,2,tls add,1.3,15796000,1.0
12,2,tls add,1.3,15936000,1.0
13,2,tls add,1.3,15825000,1.0
14,2,tls add,1.3,15796000,1.0
0,3,tls add,1.2,24163000,1.0
1,3,tls add,1.2,24185000,1.0
2,3,tls add,1.2,24222000,1.0
3,3,tls add,1.2,24241000,1.0
4,3,tls add,1.3,23642000,1.0
5,3,tls add,1.3,23949000,1.0
6,3,tls add,1.2,24090000,1.0
7,3,tls add,1.3,23502000,1.0
8,3,tls add,1.2,24030000,1.0
9,3,tls add,1.3,23462000,1.0
10,3,tls add,1.3,23618000,1.0
11,3,tls add,1.2,24190000,1.0
12,3,tls add,1.2,24142000,1.0
13,3,tls add,1.3,23936000,1.0
14,3,tls add,1.2,24174000,1.0
0,4,tls add,1.2,32288000,1.0
1,4,tls add,1.2,32266000,1.0
2,4,tls add,1.2,32284000,1.0
3,4,tls add,1.2,32280000,1.0
4,4,tls add,1.2,32267000,1.0
5,4,tls add,1.3,31668000,1.0
6,4,tls add,1.3,30791000,1.0
7,4,tls add,1.3,30433000,1.0
8,4,tls add,1.3,30471000,1.0
9,4,tls add,1.3,30341000,1.0
10,4,tls add,1.3,30195000,1.0
11,4,tls add,1.3,30097000,1.0
12,4,tls add,1.3,30538000,1.0
13,4,tls add,1.3,30532000,1.0
14,4,tls add,1.3,30321000,1.0
0,1,atomic add,6.1,1641000,1.0
1,1,atomic add,6.1,1641000,1.0
2,1,atomic add,6.1,1641000,1.0
3,1,atomic add,6.1,1641000,1.0
4,1,atomic add,6.1,1640000,1.0
5,1,atomic add,6.1,1635000,1.0
6,1,atomic add,6.1,1637000,1.0
7,1,atomic add,6.1,1637000,1.0
8,1,atomic add,6.1,1641000,1.0
9,1,atomic add,6.1,1639000,1.0
10,1,atomic add,6.1,1641000,1.0
11,1,atomic add,6.1,1641000,1.0
12,1,atomic add,6.1,1641000,1.0
13,1,atomic add,6.1,1641000,1.0
14,1,atomic add,6.1,1641000,1.0
0,2,atomic add,32.7,612000,1.0
1,2,atomic add,32.8,610000,1.0
2,2,atomic add,32.8,611000,1.0
3,2,atomic add,32.7,612000,1.0
4,2,atomic add,32.7,612000,1.0
5,2,atomic add,32.9,609000,1.0
6,2,atomic add,32.8,612000,1.0
7,2,atomic add,33.0,607000,1.0
8,2,atomic add,33.0,607000,1.0
9,2,atomic add,32.8,611000,1.0
10,2,atomic add,33.0,608000,1.0
11,2,atomic add,32.8,610000,1.0
12,2,atomic add,32.8,611000,1.0
13,2,atomic add,33.0,607000,1.0
14,2,atomic add,32.9,609000,1.0
0,3,atomic add,49.4,608000,1.0
1,3,atomic add,49.2,611000,1.0
2,3,atomic add,49.2,611000,1.0
3,3,atomic add,49.2,610000,1.0
4,3,atomic add,49.5,608000,1.0
5,3,atomic add,49.1,612000,1.0
6,3,atomic add,49.3,611000,1.0
7,3,atomic add,49.1,612000,1.0
8,3,atomic add,49.3,610000,1.0
9,3,atomic add,49.3,609000,1.0
10,3,atomic add,49.4,609000,1.0
11,3,atomic add,49.3,610000,1.0
12,3,atomic add,49.3,609000,1.0
13,3,atomic add,49.3,610000,1.0
14,3,atomic add,49.3,609000,1.0
0,4,atomic add,69.5,576000,1.0
1,4,atomic add,69.5,577000,1.0
2,4,atomic add,69.5,577000,1.0
3,4,atomic add,69.4,577000,1.0
4,4,atomic add,69.5,577000,1.0
5,4,atomic add,69.4,577000,1.0
6,4,atomic add,69.5,577000,1.0
7,4,atomic add,69.5,577000,1.0
8,4,atomic add,69.5,577000,1.0
9,4,atomic add,69.5,577000,1.0
10,4,atomic add,69.4,578000,1.0
11,4,atomic add,69.3,578000,1.0
12,4,atomic add,69.3,578000,1.0
13,4,atomic add,69.3,579000,1.0
14,4,atomic add,69.3,579000,1.0
0,1,cas add,11.0,912000,1.0
1,1,cas add,11.0,912000,1.0
2,1,cas add,11.0,912000,1.0
3,1,cas add,11.0,912000,1.0
4,1,cas add,11.0,912000,1.0
5,1,cas add,11.0,912000,1.0
6,1,cas add,11.0,912000,1.0
7,1,cas add,11.0,912000,1.0
8,1,cas add,11.0,912000,1.0
9,1,cas add,11.0,912000,1.0
10,1,cas add,11.0,912000,1.0
11,1,cas add,11.0,912000,1.0
12,1,cas add,11.0,912000,1.0
13,1,cas add,11.0,912000,1.0
14,1,cas add,11.0,912000,1.0
0,2,cas add,103.2,195000,1.0
1,2,cas add,102.0,197000,1.0
2,2,cas add,103.1,195000,1.0
3,2,cas add,102.2,196000,1.0
4,2,cas add,102.7,196000,1.0
5,2,cas add,102.6,195000,1.0
6,2,cas add,103.2,195000,1.0
7,2,cas add,103.3,195000,1.0
8,2,cas add,103.1,195000,1.0
9,2,cas add,102.8,196000,1.0
10,2,cas add,103.3,194000,1.0
11,2,cas add,103.2,195000,1.0
12,2,cas add,103.4,195000,1.0
13,2,cas add,103.3,195000,1.0
14,2,cas add,103.1,195000,1.0
0,3,cas add,171.2,176000,1.0
1,3,cas add,171.0,176000,1.0
2,3,cas add,171.3,177000,1.0
3,3,cas add,171.1,177000,1.0
4,3,cas add,170.9,177000,1.0
5,3,cas add,171.0,177000,1.0
6,3,cas add,170.9,177000,1.0
7,3,cas add,171.6,176000,1.0
8,3,cas add,173.1,175000,1.0
9,3,cas add,171.2,176000,1.0
10,3,cas add,172.1,175000,1.0
11,3,cas add,172.4,175000,1.0
12,3,cas add,171.2,176000,1.0
13,3,cas add,171.5,176000,1.0
14,3,cas add,171.6,175000,1.0
0,4,cas add,267.0,151000,1.0
1,4,cas add,266.7,151000,1.0
2,4,cas add,266.6,151000,1.0
3,4,cas add,266.8,151000,1.0
4,4,cas add,266.8,151000,1.0
5,4,cas add,266.6,151000,1.0
6,4,cas add,266.5,151000,1.0
7,4,cas add,266.3,152000,1.0
8,4,cas add,266.0,151000,1.0
9,4,cas add,267.1,152000,1.0
10,4,cas add,265.6,152000,1.0
11,4,cas add,266.5,152000,1.0
12,4,cas add,265.2,152000,1.0
13,4,cas add,266.7,151000,1.0
14,4,cas add,266.8,151000,1.0
0,1,cas multi,11.0,912000,1.0
1,1,cas multi,11.0,912000,1.0
2,1,cas multi,11.0,912000,1.0
3,1,cas multi,11.0,911000,1.0
4,1,cas multi,11.0,912000,1.0
5,1,cas multi,11.0,912000,1.0
6,1,cas multi,11.0,912000,1.0
7,1,cas multi,11.0,912000,1.0
8,1,cas multi,11.0,912000,1.0
9,1,cas multi,11.0,912000,1.0
10,1,cas multi,11.0,912000,1.0
11,1,cas multi,11.0,912000,1.0
12,1,cas multi,11.0,912000,1.0
13,1,cas multi,11.0,912000,1.0
14,1,cas multi,11.0,912000,1.0
0,2,cas multi,11.0,1821000,1.0
1,2,cas multi,11.0,1823000,1.0
2,2,cas multi,11.0,1822000,1.0
3,2,cas multi,11.0,1822000,1.0
4,2,cas multi,11.0,1823000,1.0
5,2,cas multi,11.0,1822000,1.0
6,2,cas multi,11.0,1823000,1.0
7,2,cas multi,11.0,1824000,1.0
8,2,cas multi,11.0,1823000,1.0
9,2,cas multi,11.0,1824000,1.0
10,2,cas multi,11.0,1823000,1.0
11,2,cas multi,11.0,1824000,1.0
12,2,cas multi,11.0,1824000,1.0
13,2,cas multi,11.0,1824000,1.0
14,2,cas multi,11.0,1824000,1.0
0,3,cas multi,11.0,2736000,1.0
1,3,cas multi,11.0,2736000,1.0
2,3,cas multi,11.0,2736000,1.0
3,3,cas multi,11.0,2736000,1.0
4,3,cas multi,11.0,2736000,1.0
5,3,cas multi,11.0,2736000,1.0
6,3,cas multi,11.0,2736000,1.0
7,3,cas multi,11.0,2736000,1.0
8,3,cas multi,11.0,2736000,1.0
9,3,cas multi,11.0,2735000,1.0
10,3,cas multi,11.0,2736000,1.0
11,3,cas multi,11.0,2736000,1.0
12,3,cas multi,11.0,2735000,1.0
13,3,cas multi,11.0,2735000,1.0
14,3,cas multi,11.0,2736000,1.0
0,4,cas multi,11.0,3642000,1.0
1,4,cas multi,11.0,3644000,1.0
2,4,cas multi,11.0,3645000,1.0
3,4,cas multi,11.0,3646000,1.0
4,4,cas multi,11.0,3644000,1.0
5,4,cas multi,11.0,3646000,1.0
6,4,cas multi,11.0,3646000,1.0
7,4,cas multi,11.0,3644000,1.0
8,4,cas multi,11.0,3644000,1.0
9,4,cas multi,11.0,3642000,1.0
10,4,cas multi,11.0,3643000,1.0
11,4,cas multi,11.0,3646000,1.0
12,4,cas multi,11.0,3644000,1.0
13,4,cas multi,11.0,3643000,1.0
14,4,cas multi,11.0,3645000,1.0
0,1,mutex add,17.0,587000,1.0
1,1,mutex add,17.1,587000,1.0
2,1,mutex add,17.0,587000,1.0
3,1,mutex add,17.0,588000,1.0
4,1,mutex add,17.0,587000,1.0
5,1,mutex add,17.1,587000,1.0
6,1,mutex add,17.0,588000,1.0
7,1,mutex add,17.1,587000,1.0
8,1,mutex add,17.0,587000,1.0
9,1,mutex add,17.0,587000,1.0
10,1,mutex add,17.1,586000,1.0
11,1,mutex add,17.1,587000,1.0
12,1,mutex add,17.1,586000,1.0
13,1,mutex add,17.1,587000,1.0
14,1,mutex add,17.1,586000,1.0
0,2,mutex add,222.8,91000,1.0
1,2,mutex add,219.0,92000,1.0
2,2,mutex add,217.1,93000,1.0
3,2,mutex add,221.1,91000,1.0
4,2,mutex add,223.0,90000,1.0
5,2,mutex add,216.4,93000,1.0
6,2,mutex add,219.4,92000,1.0
7,2,mutex add,222.9,90000,1.0
8,2,mutex add,219.4,92000,1.0
9,2,mutex add,217.9,92000,1.0
10,2,mutex add,217.0,93000,1.0
11,2,mutex add,216.6,93000,1.0
12,2,mutex add,216.8,93000,1.0
13,2,mutex add,220.4,91000,1.0
14,2,mutex add,227.2,89000,1.0
0,3,mutex add,135.5,224000,1.0
1,3,mutex add,135.9,223000,1.0
2,3,mutex add,136.4,221000,1.0
3,3,mutex add,135.6,223000,1.0
4,3,mutex add,136.4,222000,1.0
5,3,mutex add,135.5,222000,1.0
6,3,mutex add,136.6,221000,1.0
7,3,mutex add,136.3,221000,1.0
8,3,mutex add,135.0,223000,1.0
9,3,mutex add,134.4,225000,1.0
10,3,mutex add,135.1,223000,1.0
11,3,mutex add,134.8,224000,1.0
12,3,mutex add,134.7,223000,1.0
13,3,mutex add,135.9,222000,1.0
14,3,mutex add,134.7,224000,1.0
0,4,mutex add,446.5,91000,1.0
1,4,mutex add,447.1,90000,1.0
2,4,mutex add,442.0,92000,1.0
3,4,mutex add,441.3,93000,1.0
4,4,mutex add,446.6,90000,1.0
5,4,mutex add,444.0,91000,1.0
6,4,mutex add,447.0,91000,1.0
7,4,mutex add,452.4,89000,1.0
8,4,mutex add,446.2,91000,1.0
9,4,mutex add,449.3,90000,1.0
10,4,mutex add,450.3,92000,1.0
11,4,mutex add,447.1,90000,1.0
12,4,mutex add,444.3,91000,1.0
13,4,mutex add,446.4,90000,1.0
14,4,mutex add,442.8,92000,1.0
0,1,pure spin,7.3,1368000,1.0
1,1,pure spin,7.3,1368000,1.0
2,1,pure spin,7.3,1368000,1.0
3,1,pure spin,7.3,1368000,1.0
4,1,pure spin,7.3,1368000,1.0
5,1,pure spin,7.3,1368000,1.0
6,1,pure spin,7.3,1368000,1.0
7,1,pure spin,7.3,1368000,1.0
8,1,pure spin,7.3,1368000,1.0
9,1,pure spin,7.3,1367000,1.0
10,1,pure spin,7.3,1368000,1.0
11,1,pure spin,7.3,1368000,1.0
12,1,pure spin,7.3,1368000,1.0
13,1,pure spin,7.3,1367000,1.0
14,1,pure spin,7.3,1368000,1.0
0,2,pure spin,124.7,161000,1.0
1,2,pure spin,125.3,160000,1.0
2,2,pure spin,124.9,161000,1.0
3,2,pure spin,125.3,161000,1.0
4,2,pure spin,125.3,161000,1.0
5,2,pure spin,125.0,161000,1.0
6,2,pure spin,125.2,161000,1.0
7,2,pure spin,125.6,160000,1.0
8,2,pure spin,125.4,160000,1.0
9,2,pure spin,124.4,161000,1.0
10,2,pure spin,124.3,161000,1.0
11,2,pure spin,125.0,160000,1.0
12,2,pure spin,124.5,162000,1.0
13,2,pure spin,125.1,161000,1.0
14,2,pure spin,125.3,160000,1.0
0,3,pure spin,216.9,139000,1.0
1,3,pure spin,210.3,144000,1.0
2,3,pure spin,215.7,140000,1.0
3,3,pure spin,216.0,140000,1.0
4,3,pure spin,214.1,141000,1.0
5,3,pure spin,221.3,136000,1.0
6,3,pure spin,212.3,142000,1.0
7,3,pure spin,221.9,136000,1.0
8,3,pure spin,207.1,146000,1.0
9,3,pure spin,213.5,141000,1.0
10,3,pure spin,205.7,146000,1.0
11,3,pure spin,202.6,149000,1.0
12,3,pure spin,199.7,151000,1.0
13,3,pure spin,214.7,140000,1.0
14,3,pure spin,220.5,137000,1.0
0,4,pure spin,332.0,122000,1.0
1,4,pure spin,332.7,122000,1.0
2,4,pure spin,325.1,124000,1.0
3,4,pure spin,316.4,127000,1.0
4,4,pure spin,324.9,124000,1.0
5,4,pure spin,321.9,125000,1.0
6,4,pure spin,319.1,126000,1.0
7,4,pure spin,321.4,126000,1.0
8,4,pure spin,320.2,127000,1.0
9,4,pure spin,321.6,126000,1.0
10,4,pure spin,320.0,126000,1.0
11,4,pure spin,321.8,125000,1.0
12,4,pure spin,316.9,127000,1.0
13,4,pure spin,318.7,127000,1.0
14,4,pure spin,315.9,127000,1.0
0,1,pause spin,7.3,1368000,1.0
1,1,pause spin,7.3,1367000,1.0
2,1,pause spin,7.3,1368000,1.0
3,1,pause spin,7.3,1368000,1.0
4,1,pause spin,7.3,1368000,1.0
5,1,pause spin,7.3,1368000,1.0
6,1,pause spin,7.3,1368000,1.0
7,1,pause spin,7.3,1368000,1.0
8,1,pause spin,7.3,1368000,1.0
9,1,pause spin,7.3,1366000,1.0
10,1,pause spin,7.3,1367000,1.0
11,1,pause spin,7.3,1368000,1.0
12,1,pause spin,7.3,1367000,1.0
13,1,pause spin,7.3,1366000,1.0
14,1,pause spin,7.3,1368000,1.0
0,2,pause spin,72.9,275000,1.0
1,2,pause spin,72.2,279000,1.0
2,2,pause spin,75.4,266000,1.0
3,2,pause spin,72.5,277000,1.0
4,2,pause spin,72.0,278000,1.0
5,2,pause spin,72.3,278000,1.0
6,2,pause spin,72.9,275000,1.0
7,2,pause spin,70.9,283000,1.0
8,2,pause spin,72.6,277000,1.0
9,2,pause spin,72.4,277000,1.0
10,2,pause spin,74.7,268000,1.0
11,2,pause spin,72.0,278000,1.0
12,2,pause spin,70.6,284000,1.0
13,2,pause spin,73.1,274000,1.0
14,2,pause spin,73.3,273000,1.0
0,3,pause spin,174.8,172000,1.0
1,3,pause spin,176.8,171000,1.0
2,3,pause spin,180.0,167000,1.0
3,3,pause spin,182.1,167000,1.0
4,3,pause spin,181.7,166000,1.0
5,3,pause spin,179.1,169000,1.0
6,3,pause spin,180.2,167000,1.0
7,3,pause spin,178.3,169000,1.0
8,3,pause spin,181.1,166000,1.0
9,3,pause spin,177.6,170000,1.0
10,3,pause spin,178.2,169000,1.0
11,3,pause spin,177.2,170000,1.0
12,3,pause spin,180.8,167000,1.0
13,3,pause spin,179.3,169000,1.0
14,3,pause spin,177.5,170000,1.0
0,4,pause spin,291.7,138000,1.0
1,4,pause spin,288.8,139000,1.0
2,4,pause spin,289.5,139000,1.0
3,4,pause spin,289.9,139000,1.0
4,4,pause spin,287.9,140000,1.0
5,4,pause spin,290.6,139000,1.0
6,4,pause spin,294.9,136000,1.0
7,4,pause spin,291.6,138000,1.0
8,4,pause spin,291.6,139000,1.0
9,4,pause spin,292.8,138000,1.0
10,4,pause spin,293.9,137000,1.0
11,4,pause spin,293.5,139000,1.0
12,4,pause spin,291.2,138000,1.0
13,4,pause spin,293.1,137000,1.0
14,4,pause spin,292.1,138000,1.0
0,1,yield spin,7.3,1368000,1.0
1,1,yield spin,7.3,1368000,1.0
2,1,yield spin,7.3,1368000,1.0
3,1,yield spin,7.3,1368000,1.0
4,1,yield spin,7.3,1368000,1.0
5,1,yield spin,7.3,1368000,1.0
6,1,yield spin,7.3,1368000,1.0
7,1,yield spin,7.3,1368000,1.0
8,1,yield spin,7.3,1368000,1.0
9,1,yield spin,7.3,1368000,1.0
10,1,yield spin,7.3,1368000,1.0
11,1,yield spin,7.3,1368000,1.0
12,1,yield spin,7.3,1368000,1.0
13,1,yield spin,7.3,1368000,1.0
14,1,yield spin,7.3,1368000,1.0
0,2,yield spin,22.5,890000,1.0
1,2,yield spin,22.6,885000,1.0
2,2,yield spin,22.5,889000,1.0
3,2,yield spin,22.4,895000,1.0
4,2,yield spin,22.4,895000,1.0
5,2,yield spin,22.3,897000,1.0
6,2,yield spin,22.4,893000,1.0
7,2,yield spin,22.5,888000,1.0
8,2,yield spin,22.5,891000,1.0
9,2,yield spin,22.1,904000,1.0
10,2,yield spin,22.5,889000,1.0
11,2,yield spin,22.7,882000,1.0
12,2,yield spin,22.4,894000,1.0
13,2,yield spin,22.5,890000,1.0
14,2,yield spin,22.4,893000,1.0
0,3,yield spin,52.3,575000,1.0
1,3,yield spin,52.0,578000,1.0
2,3,yield spin,52.6,571000,1.0
3,3,yield spin,52.0,578000,1.0
4,3,yield spin,52.2,575000,1.0
5,3,yield spin,52.2,576000,1.0
6,3,yield spin,52.3,575000,1.0
7,3,yield spin,52.2,575000,1.0
8,3,yield spin,52.7,570000,1.0
9,3,yield spin,52.1,577000,1.0
10,3,yield spin,52.1,577000,1.0
11,3,yield spin,52.5,573000,1.0
12,3,yield spin,52.5,572000,1.0
13,3,yield spin,52.1,577000,1.0
14,3,yield spin,52.6,572000,1.0
0,4,yield spin,97.2,412000,1.0
1,4,yield spin,97.3,412000,1.0
2,4,yield spin,96.8,414000,1.0
3,4,yield spin,97.0,413000,1.0
4,4,yield spin,97.6,410000,1.0
5,4,yield spin,97.5,411000,1.0
6,4,yield spin,97.9,410000,1.0
7,4,yield spin,97.8,410000,1.0
8,4,yield spin,97.5,412000,1.0
9,4,yield spin,97.5,412000,1.0
10,4,yield spin,96.8,414000,1.0
11,4,yield spin,97.8,409000,1.0
12,4,yield spin,97.0,413000,1.0
13,4,yield spin,97.0,413000,1.0
14,4,yield spin,97.1,413000,1.0
0,1,ticket spin,6.1,1641000,1.0
1,1,ticket spin,6.1,1640000,1.0
2,1,ticket spin,6.1,1641000,1.0
3,1,ticket spin,6.1,1640000,1.0
4,1,ticket spin,6.1,1641000,1.0
5,1,ticket spin,6.1,1640000,1.0
6,1,ticket spin,6.1,1641000,1.0
7,1,ticket spin,6.1,1640000,1.0
8,1,ticket spin,6.1,1640000,1.0
9,1,ticket spin,6.1,1640000,1.0
10,1,ticket spin,6.1,1641000,1.0
11,1,ticket spin,6.1,1640000,1.0
12,1,ticket spin,6.1,1641000,1.0
13,1,ticket spin,6.1,1640000,1.0
14,1,ticket spin,6.1,1641000,1.0
0,2,ticket spin,200.0,100000,1.0
1,2,ticket spin,202.8,100000,1.0
2,2,ticket spin,200.7,100000,1.0
3,2,ticket spin,204.5,98000,1.0
4,2,ticket spin,199.2,102000,1.0
5,2,ticket spin,204.3,98000,1.0
6,2,ticket spin,201.4,100000,1.0
7,2,ticket spin,204.6,98000,1.0
8,2,ticket spin,205.2,98000,1.0
9,2,ticket spin,203.8,100000,1.0
10,2,ticket spin,201.3,100000,1.0
11,2,ticket spin,200.6,100000,1.0
12,2,ticket spin,201.6,100000,1.0
13,2,ticket spin,199.8,102000,1.0
14,2,ticket spin,201.6,100000,1.0
0,3,ticket spin,358.1,84000,1.0
1,3,ticket spin,358.7,84000,1.0
2,3,ticket spin,361.2,84000,1.0
3,3,ticket spin,360.1,84000,1.0
4,3,ticket spin,360.0,84000,1.0
5,3,ticket spin,360.9,84000,1.0
6,3,ticket spin,362.3,84000,1.0
7,3,ticket spin,358.9,84000,1.0
8,3,ticket spin,362.2,84000,1.0
9,3,ticket spin,360.7,84000,1.0
10,3,ticket spin,363.2,84000,1.0
11,3,ticket spin,361.3,84000,1.0
12,3,ticket spin,360.8,84000,1.0
13,3,ticket spin,361.7,84000,1.0
14,3,ticket spin,360.7,84000,1.0
0,4,ticket spin,518.5,80000,1.0
1,4,ticket spin,517.7,80000,1.0
2,4,ticket spin,518.6,80000,1.0
3,4,ticket spin,518.7,80000,1.0
4,4,ticket spin,519.0,80000,1.0
5,4,ticket spin,516.8,80000,1.0
6,4,ticket spin,519.0,80000,1.0
7,4,ticket spin,517.8,80000,1.0
8,4,ticket spin,518.9,80000,1.0
9,4,ticket spin,518.2,80000,1.0
10,4,ticket spin,519.5,80000,1.0
11,4,ticket spin,518.3,80000,1.0
12,4,ticket spin,517.8,80000,1.0
13,4,ticket spin,519.6,80000,1.0
14,4,ticket spin,520.2,80000,1.0
0,1,ticket yield,8.2,1217000,1.0
1,1,ticket yield,8.2,1217000,1.0
2,1,ticket yield,8.2,1217000,1.0
3,1,ticket yield,8.2,1217000,1.0
4,1,ticket yield,8.2,1217000,1.0
5,1,ticket yield,8.2,1217000,1.0
6,1,ticket yield,8.2,1217000,1.0
7,1,ticket yield,8.2,1217000,1.0
8,1,ticket yield,8.2,1217000,1.0
9,1,ticket yield,8.2,1217000,1.0
10,1,ticket yield,8.2,1217000,1.0
11,1,ticket yield,8.2,1217000,1.0
12,1,ticket yield,8.2,1217000,1.0
13,1,ticket yield,8.2,1216000,1.0
14,1,ticket yield,8.2,1216000,1.0
0,2,ticket yield,275.0,74000,1.0
1,2,ticket yield,278.0,72000,1.0
2,2,ticket yield,275.6,74000,1.0
3,2,ticket yield,275.9,74000,1.0
4,2,ticket yield,278.6,72000,1.0
5,2,ticket yield,277.1,74000,1.0
6,2,ticket yield,276.3,74000,1.0
7,2,ticket yield,276.7,74000,1.0
8,2,ticket yield,275.0,74000,1.0
9,2,ticket yield,275.6,74000,1.0
10,2,ticket yield,273.1,74000,1.0
11,2,ticket yield,275.9,74000,1.0
12,2,ticket yield,275.8,74000,1.0
13,2,ticket yield,276.3,74000,1.0
14,2,ticket yield,276.3,74000,1.0
0,3,ticket yield,445.7,69000,1.0
1,3,ticket yield,447.4,69000,1.0
2,3,ticket yield,446.9,69000,1.0
3,3,ticket yield,444.7,69000,1.0
4,3,ticket yield,444.2,69000,1.0
5,3,ticket yield,446.8,69000,1.0
6,3,ticket yield,446.2,69000,1.0
7,3,ticket yield,446.0,69000,1.0
8,3,ticket yield,446.8,69000,1.0
9,3,ticket yield,446.9,69000,1.0
10,3,ticket yield,446.4,69000,1.0
11,3,ticket yield,447.5,69000,1.0
12,3,ticket yield,445.5,69000,1.0
13,3,ticket yield,444.9,69000,1.0
14,3,ticket yield,445.7,69000,1.0
0,4,ticket yield,593.9,68000,1.0
1,4,ticket yield,621.1,68000,1.0
2,4,ticket yield,588.8,68000,1.0
3,4,ticket yield,582.9,72000,1.0
4,4,ticket yield,588.4,72000,1.0
5,4,ticket yield,578.9,72000,1.0
6,4,ticket yield,597.7,68000,1.0
7,4,ticket yield,587.1,72000,1.0
8,4,ticket yield,596.3,68000,1.0
9,4,ticket yield,600.5,68000,1.0
10,4,ticket yield,582.0,72000,1.0
11,4,ticket yield,585.7,72000,1.0
12,4,ticket yield,592.8,68000,1.0
13,4,ticket yield,601.5,68000,1.0
14,4,ticket yield,598.0,68000,1.0
0,1,ticket blocking,23.1,433000,1.0
1,1,ticket blocking,23.1,433000,1.0
2,1,ticket blocking,23.1,433000,1.0
3,1,ticket blocking,23.1,433000,1.0
4,1,ticket blocking,23.1,433000,1.0
5,1,ticket blocking,23.1,433000,1.0
6,1,ticket blocking,23.1,433000,1.0
7,1,ticket blocking,23.1,433000,1.0
8,1,ticket blocking,23.1,433000,1.0
9,1,ticket blocking,23.1,433000,1.0
10,1,ticket blocking,23.1,433000,1.0
11,1,ticket blocking,23.1,433000,1.0
12,1,ticket blocking,23.1,433000,1.0
13,1,ticket blocking,23.1,433000,1.0
14,1,ticket blocking,23.1,433000,1.0
0,2,ticket blocking,3979.4,6000,1.0
1,2,ticket blocking,3993.6,6000,1.0
2,2,ticket blocking,3991.4,6000,1.0
3,2,ticket blocking,3985.1,6000,1.0
4,2,ticket blocking,3986.9,6000,1.0
5,2,ticket blocking,3989.4,6000,1.0
6,2,ticket blocking,3972.2,6000,1.0
7,2,ticket blocking,3971.6,6000,1.0
8,2,ticket blocking,3984.9,6000,1.0
9,2,ticket blocking,3973.1,6000,1.0
10,2,ticket blocking,3982.5,6000,1.0
11,2,ticket blocking,3982.6,6000,1.0
12,2,ticket blocking,3971.7,6000,1.0
13,2,ticket blocking,3980.1,6000,1.0
14,2,ticket blocking,3982.6,6000,1.0
0,3,ticket blocking,8296.0,6000,1.0
1,3,ticket blocking,8315.4,6000,1.0
2,3,ticket blocking,8267.8,6000,1.0
3,3,ticket blocking,8338.8,6000,1.0
4,3,ticket blocking,8285.8,6000,1.0
5,3,ticket blocking,8263.5,6000,1.0
6,3,ticket blocking,8281.4,6000,1.0
7,3,ticket blocking,8306.5,6000,1.0
8,3,ticket blocking,8325.6,6000,1.0
9,3,ticket blocking,8241.1,6000,1.0
10,3,ticket blocking,8259.5,6000,1.0
11,3,ticket blocking,8338.0,6000,1.0
12,3,ticket blocking,8281.3,6000,1.0
13,3,ticket blocking,8346.5,6000,1.0
14,3,ticket blocking,8260.0,6000,1.0
0,4,ticket blocking,10380.8,4000,1.0
1,4,ticket blocking,10544.4,4000,1.0
2,4,ticket blocking,10331.8,4000,1.0
3,4,ticket blocking,10491.1,4000,1.0
4,4,ticket blocking,8613.8,5000,1.0
5,4,ticket blocking,10816.9,4000,1.0
6,4,ticket blocking,10701.8,4000,1.0
7,4,ticket blocking,10799.2,4000,1.0
8,4,ticket blocking,10547.6,4000,1.0
9,4,ticket blocking,10559.8,4000,1.0
10,4,ticket blocking,10886.1,4000,1.0
11,4,ticket blocking,10903.8,4000,1.0
12,4,ticket blocking,10563.8,4000,1.0
13,4,ticket blocking,10647.8,4000,1.0
14,4,ticket blocking,10588.2,4000,1.0
0,1,queued fifo,34.1,294000,1.0
1,1,queued fifo,34.1,294000,1.0
2,1,queued fifo,34.0,294000,1.0
3,1,queued fifo,34.1,294000,1.0
4,1,queued fifo,34.0,294000,1.0
5,1,queued fifo,34.0,294000,1.0
6,1,queued fifo,34.0,294000,1.0
7,1,queued fifo,34.0,294000,1.0
8,1,queued fifo,34.0,294000,1.0
9,1,queued fifo,34.0,294000,1.0
10,1,queued fifo,34.0,294000,1.0
11,1,queued fifo,34.0,294000,1.0
12,1,queued fifo,34.0,294000,1.0
13,1,queued fifo,34.0,294000,1.0
14,1,queued fifo,34.0,294000,1.0
0,2,queued fifo,4084.5,6000,1.0
1,2,queued fifo,4080.4,6000,1.0
2,2,queued fifo,4067.0,6000,1.0
3,2,queued fifo,4075.4,6000,1.0
4,2,queued fifo,4075.4,6000,1.0
5,2,queued fifo,4077.1,6000,1.0
6,2,queued fifo,4086.4,6000,1.0
7,2,queued fifo,4087.1,6000,1.0
8,2,queued fifo,4096.9,6000,1.0
9,2,queued fifo,4092.8,6000,1.0
10,2,queued fifo,4091.2,6000,1.0
11,2,queued fifo,4093.9,6000,1.0
12,2,queued fifo,4092.0,6000,1.0
13,2,queued fifo,4096.6,6000,1.0
14,2,queued fifo,4098.5,6000,1.0
0,3,queued fifo,7794.0,6000,1.0
1,3,queued fifo,7848.6,6000,1.0
2,3,queued fifo,7850.1,6000,1.0
3,3,queued fifo,7847.1,6000,1.0
4,3,queued fifo,7787.9,6000,1.0
5,3,queued fifo,7845.4,6000,1.0
6,3,queued fifo,7723.0,6000,1.0
7,3,queued fifo,7838.4,6000,1.0
8,3,queued fifo,7844.1,6000,1.0
9,3,queued fifo,7817.3,6000,1.0
10,3,queued fifo,7841.0,6000,1.0
11,3,queued fifo,7840.0,6000,1.0
12,3,queued fifo,7844.3,6000,1.0
13,3,queued fifo,7844.4,6000,1.0
14,3,queued fifo,7851.8,6000,1.0
0,4,queued fifo,10402.0,4000,1.0
1,4,queued fifo,10376.5,4000,1.0
2,4,queued fifo,10325.3,4000,1.0
3,4,queued fifo,10416.8,4000,1.0
4,4,queued fifo,10416.6,4000,1.0
5,4,queued fifo,10413.5,4000,1.0
6,4,queued fifo,10421.9,4000,1.0
7,4,queued fifo,10410.0,4000,1.0
8,4,queued fifo,10384.3,4000,1.0
9,4,queued fifo,10379.5,4000,1.0
10,4,queued fifo,10379.7,4000,1.0
11,4,queued fifo,10412.3,4000,1.0
12,4,queued fifo,10406.1,4000,1.0
13,4,queued fifo,10418.7,4000,1.0
14,4,queued fifo,10382.8,4000,1.0
0,1,mutex3,12.5,802000,1.0
1,1,mutex3,12.5,802000,1.0
2,1,mutex3,12.5,802000,1.0
3,1,mutex3,12.5,802000,1.0
4,1,mutex3,12.5,802000,1.0
5,1,mutex3,12.5,802000,1.0
6,1,mutex3,12.5,802000,1.0
7,1,mutex3,12.5,802000,1.0
8,1,mutex3,12.5,802000,1.0
9,1,mutex3,12.5,802000,1.0
10,1,mutex3,12.5,802000,1.0
11,1,mutex3,12.5,802000,1.0
12,1,mutex3,12.5,802000,1.0
13,1,mutex3,12.5,802000,1.0
14,1,mutex3,12.5,802000,1.0
0,2,mutex3,130.1,154000,1.0
1,2,mutex3,136.4,147000,1.0
2,2,mutex3,139.4,144000,1.0
3,2,mutex3,131.8,153000,1.0
4,2,mutex3,130.0,154000,1.0
5,2,mutex3,132.0,152000,1.0
6,2,mutex3,130.6,154000,1.0
7,2,mutex3,133.8,151000,1.0
8,2,mutex3,131.3,153000,1.0
9,2,mutex3,129.1,155000,1.0
10,2,mutex3,131.7,153000,1.0
11,2,mutex3,128.0,157000,1.0
12,2,mutex3,132.0,152000,1.0
13,2,mutex3,129.1,156000,1.0
14,2,mutex3,130.0,155000,1.0
0,3,mutex3,117.3,257000,1.0
1,3,mutex3,116.6,258000,1.0
2,3,mutex3,116.7,259000,1.0
3,3,mutex3,118.1,256000,1.0
4,3,mutex3,117.3,257000,1.0
5,3,mutex3,116.1,259000,1.0
6,3,mutex3,116.8,258000,1.0
7,3,mutex3,116.5,258000,1.0
8,3,mutex3,116.6,258000,1.0
9,3,mutex3,117.1,257000,1.0
10,3,mutex3,116.7,258000,1.0
11,3,mutex3,116.7,259000,1.0
12,3,mutex3,116.5,259000,1.0
13,3,mutex3,117.2,258000,1.0
14,3,mutex3,114.9,262000,1.0
0,4,mutex3,232.2,175000,1.0
1,4,mutex3,233.3,173000,1.0
2,4,mutex3,233.7,172000,1.0
3,4,mutex3,235.3,171000,1.0
4,4,mutex3,232.4,174000,1.0
5,4,mutex3,229.4,176000,1.0
6,4,mutex3,235.0,172000,1.0
7,4,mutex3,234.4,171000,1.0
8,4,mutex3,232.9,173000,1.0
9,4,mutex3,233.4,175000,1.0
10,4,mutex3,233.5,172000,1.0
11,4,mutex3,230.9,174000,1.0
12,4,mutex3,232.7,174000,1.0
13,4,mutex3,232.1,174000,1.0
14,4,mutex3,234.6,172000,1.0
